date;JBSS3;BBAS3;PRIO3;TAEE11;SMTO3;TOTS3;GGBR3;USIM3;EGIE3;MRFG3;HYPE3;AZZA3;ITUB3;BEEF3;PFRM3;IBOVESPA;SELIC;;;;;;;;;;;;;;
2013-08-30;0,155;0,054;-0,118;-0,036;0,118;0,041;0,148;0,149;-0,030;-0,154;-0,014;-0,067;-0,012;0,167;0,000;0,037;0,71%;;;;;;;;;;;;;;
2013-09-30;0,053;0,136;-0,221;-0,032;0,070;0,004;-0,042;0,047;0,073;-0,008;0,098;0,180;0,073;-0,049;-0,137;0,047;0,71%;;;;;;;;;;;;;;
2013-10-31;0,036;0,151;-0,431;0,021;0,090;0,013;0,084;0,098;0,040;-0,251;0,097;-0,145;0,084;-0,067;0,003;0,037;0,81%;;;;;;;;;;;;;;
2013-11-29;0,046;-0,133;0,121;-0,001;-0,035;-0,030;0,018;-0,016;0,014;-0,046;-0,029;-0,134;-0,062;0,104;0,073;-0,033;0,72%;;;;;;;;;;;;;;
2013-12-30;0,044;-0,039;0,230;-0,137;-0,059;0,006;0,006;0,088;-0,060;-0,074;-0,073;0,030;-0,031;0,106;-0,022;-0,019;0,79%;;;;;;;;;;;;;;
2014-01-31;-0,036;-0,144;0,275;-0,026;-0,138;-0,142;-0,060;-0,091;-0,040;0,040;-0,136;-0,126;-0,063;-0,045;-0,168;-0,075;0,85%;;;;;;;;;;;;;;
2014-02-28;-0,112;-0,003;-0,078;0,018;0,207;0,020;-0,175;-0,177;-0,038;-0,014;-0,047;0,063;0,075;-0,039;0,155;-0,011;0,79%;;;;;;;;;;;;;;
2014-03-31;0,035;0,119;-0,131;0,067;0,039;0,126;0,018;-0,008;0,057;0,071;0,129;-0,005;0,098;-0,043;-0,023;0,071;0,77%;;;;;;;;;;;;;;
2014-04-30;-0,006;0,026;-0,312;0,036;0,077;0,024;-0,087;-0,130;-0,055;-0,052;0,002;-0,084;0,077;-0,008;0,017;0,024;0,82%;;;;;;;;;;;;;;
2014-05-30;-0,017;-0,018;0,266;0,035;0,141;0,072;0,015;-0,110;0,005;0,274;0,101;0,142;-0,059;-0,022;0,217;-0,007;0,87%;;;;;;;;;;;;;;
2014-06-30;0,013;0,099;0,469;0,026;0,050;-0,027;-0,050;-0,029;-0,010;0,125;0,063;0,112;0,031;0,132;0,000;0,038;0,82%;;;;;;;;;;;;;;
2014-07-31;0,099;0,115;0,118;0,027;-0,059;0,031;0,041;0,062;0,030;0,111;-0,060;-0,090;0,097;0,041;-0,344;0,050;0,95%;;;;;;;;;;;;;;
2014-08-29;0,211;0,273;0,046;0,142;0,218;0,060;-0,005;0,020;0,119;0,147;0,077;0,123;0,132;0,153;-0,004;0,098;0,87%;;;;;;;;;;;;;;
2014-09-30;-0,095;-0,274;-0,213;-0,162;-0,134;-0,101;-0,059;-0,115;-0,078;-0,123;-0,098;-0,091;-0,155;-0,035;-0,200;-0,117;0,91%;;;;;;;;;;;;;;
2014-10-31;0,208;0,096;-0,114;-0,060;-0,008;-0,030;-0,086;-0,006;-0,019;-0,092;-0,015;-0,017;0,041;-0,008;-0,031;0,009;0,95%;;;;;;;;;;;;;;
2014-11-28;0,078;0,073;-0,216;0,068;0,026;-0,017;-0,003;0,023;0,048;0,078;0,010;0,003;0,047;-0,106;-0,109;0,001;0,84%;;;;;;;;;;;;;;
2014-12-30;-0,064;-0,189;-0,392;-0,011;-0,094;-0,012;-0,116;0,822;-0,017;-0,063;-0,034;-0,059;-0,055;-0,142;-0,073;-0,085;0,96%;;;;;;;;;;;;;;
2015-01-30;0,017;-0,131;-0,156;0,032;-0,060;-0,040;-0,083;0,383;-0,080;-0,187;0,078;-0,131;-0,067;-0,105;-0,224;-0,062;0,94%;;;;;;;;;;;;;;
2015-02-27;0,093;0,152;0,379;0,071;0,116;0,034;0,136;-0,136;0,073;-0,026;0,048;0,084;0,117;0,027;-0,169;0,100;0,82%;;;;;;;;;;;;;;
2015-03-31;0,144;-0,019;-0,162;0,010;0,018;0,085;-0,054;0,463;0,057;-0,171;0,032;-0,033;-0,016;-0,177;-0,033;-0,008;1,04%;;;;;;;;;;;;;;
2015-04-30;0,092;0,162;0,031;-0,016;-0,010;-0,054;-0,006;-0,218;0,011;0,055;0,013;0,018;0,079;0,169;0,424;0,099;0,95%;;;;;;;;;;;;;;
2015-05-29;0,021;-0,130;-0,015;0,032;-0,070;0,069;-0,068;-0,053;-0,045;-0,040;0,089;-0,002;-0,064;0,184;-0,039;-0,062;0,99%;;;;;;;;;;;;;;
2015-06-30;0,045;0,081;-0,105;-0,004;0,052;0,049;-0,150;-0,166;0,010;0,404;0,045;-0,016;0,024;0,112;0,094;0,006;1,07%;;;;;;;;;;;;;;
2015-07-31;-0,058;-0,092;-0,163;0,032;-0,099;-0,083;-0,178;-0,271;0,060;-0,070;-0,107;-0,108;-0,056;-0,016;0,185;-0,042;1,18%;;;;;;;;;;;;;;
2015-08-31;-0,082;-0,185;-0,190;-0,128;-0,083;-0,109;-0,104;-0,002;-0,062;0,206;-0,187;0,027;-0,107;0,031;-0,219;-0,083;1,11%;;;;;;;;;;;;;;
2015-09-30;0,187;-0,133;-0,371;0,081;0,288;-0,049;-0,009;-0,144;0,007;0,122;-0,072;-0,090;-0,022;0,154;-0,086;-0,034;1,11%;;;;;;;;;;;;;;
2015-10-30;-0,152;0,051;0,206;0,044;0,133;0,134;-0,072;-0,042;0,003;-0,112;0,145;0,055;0,012;-0,043;-0,158;0,018;1,11%;;;;;;;;;;;;;;
2015-11-30;-0,128;0,030;-0,047;-0,115;0,081;-0,020;0,022;-0,176;0,001;-0,077;0,280;0,048;0,022;-0,105;-0,059;-0,016;1,06%;;;;;;;;;;;;;;
2015-12-30;-0,006;-0,081;0,219;-0,031;-0,047;-0,067;-0,161;-0,383;0,001;0,080;-0,031;-0,037;-0,022;0,165;-0,101;-0,039;1,16%;;;;;;;;;;;;;;
2016-01-29;-0,126;-0,060;-0,404;0,038;0,044;0,044;-0,253;-0,206;0,010;-0,039;0,029;-0,095;-0,079;-0,077;-0,204;-0,068;1,06%;;;;;;;;;;;;;;
2016-02-29;0,056;-0,022;0,267;0,085;0,020;-0,028;0,062;0,085;0,043;0,025;0,128;-0,063;0,034;-0,038;0,439;0,059;1,00%;;;;;;;;;;;;;;
2016-03-31;-0,045;0,475;0,951;0,065;0,007;-0,135;0,750;0,182;0,039;0,053;0,120;0,311;0,177;-0,052;0,130;0,170;1,16%;;;;;;;;;;;;;;
2016-04-29;-0,170;0,118;0,053;0,020;-0,089;0,050;0,172;0,100;0,040;-0,014;0,076;0,039;0,070;-0,056;0,097;0,077;1,06%;;;;;;;;;;;;;;
2016-05-31;0,158;-0,249;-0,155;-0,003;0,203;0,050;-0,306;0,089;-0,062;-0,031;-0,054;0,026;-0,108;-0,104;0,221;-0,101;1,11%;;;;;;;;;;;;;;
2016-06-30;0,000;0,052;-0,146;0,019;-0,008;0,031;0,092;0,037;0,080;-0,107;-0,181;0,096;0,022;-0,033;0,107;0,063;1,16%;;;;;;;;;;;;;;
2016-07-29;0,090;0,225;0,089;0,349;-0,005;0,077;0,289;0,654;0,102;0,011;0,187;0,046;0,128;0,048;0,130;0,112;1,11%;;;;;;;;;;;;;;
2016-08-31;0,147;0,110;-0,028;-0,082;-0,045;-0,080;0,171;-0,137;-0,054;-0,100;-0,049;-0,071;0,061;-0,017;-0,033;0,010;1,22%;;;;;;;;;;;;;;
2016-09-30;-0,054;-0,012;-0,070;-0,096;0,167;0,013;0,016;0,303;-0,013;0,022;0,068;0,012;0,016;0,017;-0,028;0,008;1,11%;;;;;;;;;;;;;;
2016-10-31;-0,179;0,285;0,186;-0,011;0,084;-0,047;0,237;-0,067;0,053;0,090;-0,040;0,129;0,176;0,053;0,063;0,112;1,05%;;;;;;;;;;;;;;
2016-11-30;0,005;-0,023;0,038;-0,079;-0,153;-0,257;0,172;0,001;-0,100;0,144;-0,030;-0,070;-0,082;0,212;-0,110;-0,046;1,04%;;;;;;;;;;;;;;
2016-12-29;0,168;-0,011;0,311;0,118;0,086;0,130;-0,166;-0,065;-0,024;0,015;0,006;-0,079;-0,003;-0,008;-0,115;-0,027;1,12%;;;;;;;;;;;;;;
2017-01-31;0,044;0,108;0,203;0,035;0,049;0,085;0,092;0,001;0,023;-0,023;0,070;0,161;0,072;-0,012;0,050;0,074;1,09%;;;;;;;;;;;;;;
2017-02-24;-0,017;0,064;0,446;0,026;-0,071;-0,029;0,057;0,088;0,033;-0,033;-0,010;0,082;0,114;-0,101;0,028;0,031;0,87%;;;;;;;;;;;;;;
2017-03-31;-0,127;0,023;0,240;0,043;-0,091;0,095;0,157;-0,069;-0,044;-0,086;0,071;-0,003;-0,035;-0,096;0,167;-0,025;1,05%;;;;;;;;;;;;;;
2017-04-28;0,006;-0,027;-0,075;0,003;0,030;0,003;-0,083;0,048;-0,039;0,264;0,038;0,074;0,009;0,064;0,071;0,006;0,79%;;;;;;;;;;;;;;
2017-05-31;-0,212;-0,131;-0,154;0,032;0,011;0,086;-0,022;-0,027;-0,006;-0,127;-0,019;-0,031;-0,052;0,081;-0,159;-0,041;0,93%;;;;;;;;;;;;;;
2017-06-30;-0,191;-0,052;0,000;-0,029;-0,044;-0,001;0,074;0,034;0,023;0,073;-0,058;0,019;0,009;0,127;-0,160;0,003;0,81%;;;;;;;;;;;;;;
2017-07-31;0,179;0,071;0,017;0,054;0,037;-0,005;0,046;0,177;0,032;-0,050;0,007;0,140;0,017;0,007;0,001;0,048;0,80%;;;;;;;;;;;;;;
2017-08-31;0,126;0,077;0,173;-0,022;-0,006;0,042;0,109;-0,013;0,075;0,111;0,054;0,237;0,091;-0,066;0,029;0,075;0,80%;;;;;;;;;;;;;;
2017-09-29;-0,020;0,139;0,057;-0,011;0,019;0,008;-0,063;-0,020;0,004;-0,093;0,091;0,106;0,077;-0,033;0,083;0,049;0,64%;;;;;;;;;;;;;;
2017-10-31;-0,113;-0,013;0,223;-0,079;0,035;0,041;-0,017;0,197;-0,012;-0,006;0,062;0,011;0,001;0,027;-0,068;0,000;0,64%;;;;;;;;;;;;;;
2017-11-30;0,049;-0,125;0,129;0,052;-0,071;-0,071;-0,117;-0,094;0,007;0,065;-0,039;-0,086;-0,034;-0,057;-0,051;-0,031;0,57%;;;;;;;;;;;;;;
2017-12-29;0,240;0,066;0,276;0,016;0,129;-0,009;0,087;-0,006;0,002;0,069;0,096;0,189;0,020;-0,018;-0,041;0,062;0,54%;;;;;;;;;;;;;;
2018-01-31;0,024;0,247;0,079;-0,056;-0,023;0,087;0,192;0,303;0,012;-0,070;0,036;0,093;0,177;-0,096;-0,009;0,111;0,58%;;;;;;;;;;;;;;
2018-02-28;-0,014;0,053;-0,179;0,017;-0,027;-0,060;0,095;-0,072;0,089;-0,123;-0,050;-0,061;-0,014;-0,057;-0,035;0,007;0,47%;;;;;;;;;;;;;;
2018-03-29;-0,057;-0,011;-0,186;0,060;-0,045;-0,057;-0,027;-0,060;0,000;-0,005;0,048;-0,099;0,035;-0,166;-0,117;-0,001;0,53%;;;;;;;;;;;;;;
2018-04-30;-0,064;-0,106;0,231;-0,020;-0,031;0,112;0,070;0,047;-0,030;0,333;-0,124;0,049;-0,022;0,083;-0,060;0,009;0,52%;;;;;;;;;;;;;;
2018-05-30;0,026;-0,167;-0,018;-0,042;0,032;-0,123;-0,182;-0,051;0,000;-0,001;-0,105;-0,184;-0,133;-0,137;-0,260;-0,109;0,52%;;;;;;;;;;;;;;
2018-06-29;0,041;-0,054;-0,018;-0,028;0,019;-0,030;-0,064;-0,079;-0,075;0,029;-0,021;0,043;-0,060;-0,114;0,089;-0,052;0,52%;;;;;;;;;;;;;;
2018-07-31;-0,030;0,134;0,146;0,081;0,121;0,083;0,160;0,085;0,092;0,007;0,012;-0,039;0,115;0,203;0,204;0,089;0,54%;;;;;;;;;;;;;;
2018-08-31;0,042;-0,065;0,179;0,019;-0,028;-0,090;0,034;-0,065;0,036;-0,302;-0,013;-0,072;-0,062;-0,228;-0,133;-0,032;0,57%;;;;;;;;;;;;;;
2018-09-28;-0,002;-0,019;0,174;-0,005;-0,033;-0,058;0,050;-0,002;-0,038;-0,073;0,041;0,083;0,008;-0,139;-0,021;0,035;0,47%;;;;;;;;;;;;;;
2018-10-31;0,093;0,452;0,072;0,113;0,059;0,000;-0,028;0,126;0,122;0,209;0,051;0,113;0,125;0,096;0,015;0,102;0,54%;;;;;;;;;;;;;;
2018-11-30;0,148;0,054;-0,187;0,042;-0,070;0,155;-0,052;-0,070;0,107;-0,033;0,078;0,054;0,092;0,004;-0,121;0,024;0,49%;;;;;;;;;;;;;;
2018-12-28;-0,015;0,045;0,025;0,068;0,008;-0,064;0,006;-0,039;-0,026;-0,119;-0,048;0,107;-0,025;-0,094;-0,053;-0,018;0,49%;;;;;;;;;;;;;;
2019-01-31;0,302;0,116;0,159;0,090;0,058;0,229;0,038;0,016;0,285;0,114;0,055;-0,001;0,094;0,222;0,061;0,108;0,54%;;;;;;;;;;;;;;
2019-02-28;-0,110;-0,013;0,313;-0,029;-0,024;0,096;-0,017;-0,030;-0,016;-0,095;-0,155;-0,003;-0,031;0,046;0,026;-0,019;0,49%;;;;;;;;;;;;;;
2019-03-29;0,185;-0,012;0,252;-0,005;-0,023;0,081;-0,015;0,039;0,038;0,087;-0,037;-0,074;-0,040;0,102;0,012;-0,002;0,47%;;;;;;;;;;;;;;
2019-04-30;0,242;0,020;-0,024;0,057;0,041;0,131;-0,048;-0,088;0,042;0,224;0,095;0,020;-0,016;0,195;-0,048;0,010;0,52%;;;;;;;;;;;;;;
2019-05-31;0,106;0,053;-0,059;0,029;0,024;-0,112;-0,001;-0,068;0,043;-0,067;0,076;-0,006;0,026;-0,024;-0,044;0,007;0,54%;;;;;;;;;;;;;;
2019-06-28;-0,029;0,044;-0,092;0,024;0,030;0,113;0,083;0,067;-0,062;-0,079;-0,008;-0,001;0,034;-0,030;-0,023;0,041;0,47%;;;;;;;;;;;;;;
2019-07-31;0,173;-0,088;0,116;0,024;0,020;0,103;-0,054;-0,046;0,110;0,054;0,015;0,004;-0,039;0,084;0,151;0,008;0,57%;;;;;;;;;;;;;;
2019-08-30;0,190;-0,052;-0,040;0,036;-0,117;0,115;-0,065;-0,041;-0,068;0,259;0,066;-0,018;0,008;-0,015;-0,120;-0,007;0,50%;;;;;;;;;;;;;;
2019-09-30;0,106;-0,011;0,031;0,025;0,062;0,072;0,000;-0,026;-0,013;0,320;0,042;0,001;0,008;0,153;0,046;0,036;0,46%;;;;;;;;;;;;;;
2019-10-31;-0,137;0,058;0,062;-0,003;-0,073;0,079;0,015;-0,055;0,020;-0,025;0,032;0,195;0,035;0,056;0,054;0,024;0,48%;;;;;;;;;;;;;;
2019-11-29;0,007;0,001;0,257;0,004;0,190;0,039;0,286;0,051;0,033;-0,005;-0,030;0,058;-0,038;0,422;-0,035;0,009;0,38%;;;;;;;;;;;;;;
2019-12-30;-0,094;0,109;0,421;0,106;0,153;0,001;0,197;0,062;0,123;-0,069;0,081;0,025;0,071;-0,127;0,559;0,071;0,37%;;;;;;;;;;;;;;
2020-01-31;0,069;-0,081;0,450;0,002;0,057;0,156;0,068;0,040;0,025;0,101;-0,003;-0,058;-0,080;-0,055;0,003;-0,019;0,38%;;;;;;;;;;;;;;
2020-02-28;-0,177;-0,026;-0,178;-0,057;0,057;-0,049;-0,191;-0,135;-0,087;0,100;-0,036;-0,003;-0,012;-0,026;-0,112;-0,084;0,29%;;;;;;;;;;;;;;
2020-03-31;-0,104;-0,402;-0,576;-0,124;-0,442;-0,343;-0,369;-0,363;-0,181;-0,267;-0,159;-0,387;-0,228;-0,316;-0,253;-0,299;0,34%;;;;;;;;;;;;;;
2020-04-30;0,199;0,022;0,225;0,069;0,292;0,270;0,156;-0,054;0,005;0,451;0,017;0,153;-0,003;0,542;0,067;0,103;0,28%;;;;;;;;;;;;;;
2020-05-29;-0,078;0,082;0,515;0,079;0,017;0,020;0,023;0,243;0,084;0,015;0,108;-0,009;-0,002;0,092;-0,007;0,086;0,24%;;;;;;;;;;;;;;
2020-06-30;-0,037;0,042;0,142;-0,010;0,092;0,151;0,223;0,228;-0,008;-0,032;0,043;0,138;0,095;-0,018;0,239;0,088;0,21%;;;;;;;;;;;;;;
2020-07-31;0,018;0,044;0,119;0,020;0,009;0,116;0,095;0,057;0,097;0,143;0,085;0,101;0,038;0,033;0,159;0,083;0,19%;;;;;;;;;;;;;;
2020-08-31;0,042;-0,014;0,058;0,002;0,131;0,120;0,089;0,223;-0,060;0,235;-0,124;0,064;-0,091;-0,036;-0,212;-0,034;0,16%;;;;;;;;;;;;;;
2020-09-30;-0,079;-0,090;-0,167;-0,011;-0,099;-0,061;0,060;-0,021;-0,053;-0,143;-0,058;-0,032;-0,052;-0,103;-0,091;-0,048;0,16%;;;;;;;;;;;;;;
2020-10-30;-0,059;0,006;-0,102;0,007;-0,034;-0,004;0,064;0,151;-0,011;-0,097;-0,055;0,119;0,029;-0,151;0,053;-0,007;0,16%;;;;;;;;;;;;;;
2020-11-30;0,190;0,143;0,602;0,224;0,262;-0,009;0,034;0,236;0,061;0,066;0,151;0,152;0,173;0,032;0,085;0,159;0,15%;;;;;;;;;;;;;;
2020-12-30;0,022;0,149;0,399;0,015;0,045;0,077;0,099;0,077;0,054;-0,012;0,076;-0,018;0,087;0,015;0,138;0,096;0,16%;;;;;;;;;;;;;;
2021-01-29;0,022;-0,127;0,004;-0,025;0,089;-0,011;-0,026;-0,097;-0,022;-0,084;-0,057;0,035;-0,073;-0,085;-0,003;-0,028;0,15%;;;;;;;;;;;;;;
2021-02-26;0,068;-0,159;0,186;-0,055;0,048;0,105;0,075;0,192;-0,042;0,046;0,015;0,011;-0,089;0,045;-0,077;-0,051;0,13%;;;;;;;;;;;;;;
2021-03-31;0,173;0,091;0,104;0,265;-0,050;-0,078;0,148;0,059;0,017;0,267;-0,013;-0,014;0,077;0,052;0,043;0,060;0,20%;;;;;;;;;;;;;;
2021-04-30;0,028;-0,027;-0,008;0,074;0,051;0,078;0,140;0,303;-0,028;0,113;0,082;0,076;-0,023;0,018;0,019;0,019;0,21%;;;;;;;;;;;;;;
2021-05-31;0,004;0,144;0,077;-0,003;0,104;0,108;0,018;-0,122;-0,003;-0,053;0,050;0,172;0,089;0,024;0,055;0,062;0,27%;;;;;;;;;;;;;;
2021-06-30;-0,038;-0,036;-0,012;-0,047;0,050;0,092;-0,083;-0,029;-0,016;0,042;-0,053;0,066;0,007;-0,054;0,072;0,005;0,31%;;;;;;;;;;;;;;
2021-07-30;0,101;-0,016;-0,084;0,031;-0,113;-0,061;0,028;0,063;-0,031;0,025;0,043;-0,039;0,028;-0,043;-0,068;-0,039;0,36%;;;;;;;;;;;;;;
2021-08-31;0,004;-0,027;0,074;-0,003;0,030;0,123;-0,088;-0,128;0,043;0,045;-0,002;-0,012;0,047;-0,068;-0,054;-0,025;0,43%;;;;;;;;;;;;;;
2021-09-30;0,189;-0,044;0,305;-0,055;0,088;-0,086;-0,031;-0,092;-0,002;0,334;-0,088;-0,073;-0,056;0,250;-0,030;-0,066;0,44%;;;;;;;;;;;;;;
2021-10-29;0,053;-0,014;-0,062;0,023;0,095;-0,093;0,001;-0,181;0,039;0,033;-0,127;-0,108;-0,221;-0,068;-0,153;-0,067;0,49%;;;;;;;;;;;;;;
2021-11-30;-0,062;0,133;-0,135;-0,016;-0,049;-0,033;0,027;0,009;-0,010;-0,111;-0,033;-0,091;-0,031;-0,088;0,034;-0,015;0,59%;;;;;;;;;;;;;;
2021-12-30;0,094;-0,089;0,019;0,048;-0,019;-0,092;0,068;0,130;-0,001;0,044;0,054;0,152;-0,049;0,235;0,232;0,029;0,77%;;;;;;;;;;;;;;
2022-01-31;-0,075;0,132;0,157;0,055;0,067;0,015;0,006;0,008;0,060;0,019;0,100;0,065;0,158;-0,100;-0,151;0,072;0,73%;;;;;;;;;;;;;;
2022-02-25;0,023;0,078;0,079;0,028;0,090;0,137;-0,100;-0,066;-0,001;-0,014;0,077;-0,007;-0,010;0,133;-0,042;0,007;0,76%;;;;;;;;;;;;;;
2022-03-31;0,037;0,016;-0,078;0,121;0,108;0,101;0,194;-0,045;0,085;-0,035;0,165;0,110;0,082;0,171;-0,073;0,061;0,93%;;;;;;;;;;;;;;
2022-04-29;0,017;-0,043;0,121;0,003;0,046;-0,121;-0,086;-0,150;-0,031;-0,072;-0,033;-0,008;-0,149;0,064;-0,103;-0,101;0,83%;;;;;;;;;;;;;;
2022-05-31;-0,033;0,107;0,048;-0,048;0,086;-0,113;0,069;-0,011;0,065;-0,166;0,037;-0,099;0,117;0,083;-0,040;0,032;1,03%;;;;;;;;;;;;;;
2022-06-30;-0,113;-0,082;-0,214;-0,044;-0,273;-0,180;-0,221;-0,211;-0,059;-0,225;-0,011;-0,133;-0,127;-0,067;-0,091;-0,115;1,02%;;;;;;;;;;;;;;
2022-07-29;0,011;0,078;0,101;0,048;-0,036;0,134;0,099;0,015;0,071;0,090;0,120;0,148;0,039;-0,013;-0,060;0,047;1,03%;;;;;;;;;;;;;;
2022-08-31;-0,074;0,165;0,128;0,066;-0,080;0,087;0,039;-0,025;-0,069;0,047;0,011;0,167;0,107;0,198;0,141;0,062;1,17%;;;;;;;;;;;;;;
2022-09-30;-0,151;-0,070;0,008;-0,065;-0,199;0,028;0,019;0,010;-0,049;-0,249;0,035;0,065;0,063;-0,188;0,080;0,005;1,07%;;;;;;;;;;;;;;
2022-10-31;-0,006;-0,039;0,286;0,032;0,057;0,130;0,087;-0,099;0,044;0,084;0,148;0,062;0,082;0,091;-0,007;0,055;1,02%;;;;;;;;;;;;;;
2022-11-30;-0,081;-0,030;0,019;-0,126;0,063;-0,069;0,271;0,045;-0,004;-0,182;-0,125;-0,143;-0,113;-0,086;-0,080;-0,031;1,02%;;;;;;;;;;;;;;
2022-12-29;-0,003;-0,005;0,032;-0,012;-0,059;-0,105;-0,039;-0,040;-0,035;0,124;0,024;-0,117;-0,005;0,037;0,049;-0,022;1,12%;;;;;;;;;;;;;;
2023-01-31;-0,087;0,172;0,131;0,113;-0,057;0,097;0,101;0,181;0,039;-0,115;0,027;0,119;-0,015;0,079;0,025;0,032;1,12%;;;;;;;;;;;;;;
2023-02-28;-0,044;0,010;-0,200;-0,041;0,088;-0,092;-0,105;-0,167;-0,002;-0,173;-0,102;-0,148;0,009;-0,190;-0,069;-0,076;0,92%;;;;;;;;;;;;;;
2023-03-31;-0,070;-0,020;-0,074;-0,021;-0,007;0,032;-0,021;0,093;0,023;0,042;-0,088;-0,149;-0,017;-0,070;-0,066;-0,029;1,17%;;;;;;;;;;;;;;
2023-04-28;0,003;0,096;0,114;0,045;0,162;-0,089;0,007;-0,077;0,026;-0,020;-0,012;0,045;0,050;-0,156;-0,018;0,025;0,92%;;;;;;;;;;;;;;
2023-05-31;-0,061;0,041;-0,016;0,016;0,152;0,121;-0,038;0,000;0,063;0,020;0,096;0,111;0,013;0,195;0,075;0,037;1,12%;;;;;;;;;;;;;;
2023-06-30;0,098;0,131;0,085;0,020;-0,044;0,042;0,070;0,034;0,087;0,095;0,127;0,072;0,109;0,040;0,142;0,090;1,07%;;;;;;;;;;;;;;
2023-07-31;0,076;-0,024;0,230;-0,044;0,004;-0,006;0,166;0,007;-0,036;0,021;-0,054;0,053;0,010;-0,051;0,000;0,033;1,07%;;;;;;;;;;;;;;
2023-08-31;-0,020;-0,009;0,018;-0,026;0,079;-0,062;-0,071;-0,052;-0,022;0,004;-0,099;-0,142;-0,058;-0,152;0,010;-0,051;1,14%;;;;;;;;;;;;;;
2023-09-29;-0,019;0,009;0,013;0,011;0,087;-0,027;-0,076;-0,003;-0,016;-0,038;-0,039;-0,081;0,001;-0,037;-0,023;0,007;0,97%;;;;;;;;;;;;;;
2023-10-31;0,110;0,025;0,014;-0,022;-0,097;-0,063;-0,097;-0,043;-0,051;-0,094;-0,184;-0,101;-0,014;-0,064;-0,087;-0,029;1,00%;;;;;;;;;;;;;;
2023-11-30;0,159;0,122;-0,037;0,097;-0,066;0,316;0,044;0,176;0,107;0,505;0,115;0,035;0,179;-0,041;0,527;0,125;0,92%;;;;;;;;;;;;;;
2023-12-28;0,073;0,027;0,004;0,053;-0,115;0,018;0,042;0,178;0,046;-0,002;0,067;0,087;0,088;0,029;0,150;0,054;0,89%;;;;;;;;;;;;;;
2024-01-31;-0,059;0,019;-0,046;-0,034;-0,038;-0,064;-0,073;-0,054;-0,105;-0,030;-0,112;-0,030;-0,032;-0,083;-0,182;-0,048;0,97%;;;;;;;;;;;;;;
2024-02-29;-0,016;0,025;-0,005;-0,028;0,004;-0,026;0,021;0,241;0,035;0,052;0,039;-0,054;0,091;-0,006;0,224;0,010;0,80%;;;;;;;;;;;;;;
2024-03-28;-0,068;-0,014;0,115;0,026;0,096;-0,075;-0,005;-0,132;-0,042;0,041;0,004;0,085;0,031;-0,009;-0,009;-0,007;0,83%;;;;;;;;;;;;;;
2024-04-30;0,090;-0,031;-0,015;-0,030;-0,079;-0,030;-0,028;-0,175;0,016;-0,083;-0,101;-0,192;-0,087;-0,093;-0,005;-0,017;0,89%;;;;;;;;;;;;;;
2024-05-31;0,230;-0,011;-0,133;0,017;-0,051;0,043;0,010;-0,067;0,090;0,194;-0,077;-0,049;-0,013;0,013;-0,085;-0,030;0,83%;;;;;;;;;;;;;;
2024-06-28;0,119;0,009;0,052;-0,001;0,223;0,060;0,014;0,093;0,022;0,096;0,061;0,039;0,052;0,077;-0,009;0,015;0,79%;;;;;;;;;;;;;;
2024-07-31;0,045;-0,006;0,098;-0,013;-0,099;-0,088;-0,028;-0,208;-0,001;-0,085;0,007;-0,043;0,037;-0,058;0,128;0,030;0,91%;;;;;;;;;;;;;;
2024-08-30;0,095;0,077;-0,025;0,069;-0,046;0,089;0,027;0,008;0,046;0,287;-0,009;0,007;0,093;0,191;0,073;0,065;0,87%;;;;;;;;;;;;;;
2024-09-30;-0,096;-0,027;-0,075;-0,034;-0,054;-0,047;0,041;-0,013;-0,060;-0,063;-0,074;-0,139;-0,003;-0,154;-0,125;-0,031;0,84%;;;;;;;;;;;;;;
2024-10-30;0,160;-0,030;-0,049;0,016;-0,013;0,033;0,050;0,053;-0,028;0,130;-0,081;-0,035;-0,033;-0,060;0,165;-0,009;0,93%;;;;;;;;;;;;;;
;;;;;;;;;;;;;;;;;;;;;;;;;;;;;;;
;;;;;;;;;;;;;;;;;;;;;;;;;;;;;;;
Retorno medio ;2,13%;1,87%;4,52%;1,36%;1,63%;1,26%;1,60%;1,09%;0,96%;1,79%;0,84%;0,82%;1,23%;0,59%;0,26%;0,95%;0,75%;;;;;;;;;;;;;;
Variança ;0,011;0,014;0,044;0,005;0,011;0,009;0,016;0,026;0,003;0,020;0,007;0,010;0,006;0,015;0,020;0,004;;;;;;;;;;;;;;;
Desvio Padão;10,51%;11,78%;21,01%;6,83%;10,26%;9,46%;12,78%;16,12%;5,89%;13,99%;8,29%;10,10%;7,81%;12,16%;14,05%;6,37%;;;;;;;;;;;;;;;
;;;;;;;;;;;;;;;;;;;;;;;;;;;;;;;
;;;;;;;;;;;;;;;;;;;;;;;;;;;;;;;
;;;Covariança ;JBSS3;BBAS3;PRIO3;TAEE11;SMTO3;TOTS3;GGBR3;USIM3;EGIE3;MRFG3;HYPE3;AZZA3;ITUB3;BEEF3;PFRM3;IBOVESPA;;;;;;;;;;;;
;;;JBSS3;0,010955252;;;;;;;;;;;;;;;;;;;;;;;;;;;
;;;BBAS3;0,001538331;0,013776665;;;;;;;;;;;;;;;;;;;;;;;;;;
;;;PRIO3;0,001789793;0,009249647;0,043801295;;;;;;;;;;;;;;;;;;;;;;;;;
;;;TAEE11;0,002285871;0,003460046;0,003396692;0,00462828;;;;;;;;;;;;;;;;;;;;;;;;
;;;SMTO3;0,00242711;0,003368724;0,00487334;0,001842052;0,010449494;;;;;;;;;;;;;;;;;;;;;;;
;;;TOTS3;0,002172637;0,002671373;0,003455851;0,00212009;0,003489046;0,008889543;;;;;;;;;;;;;;;;;;;;;;
;;;GGBR3;0,000349325;0,008191181;0,013380148;0,002098886;0,002098637;0,001932557;0,016200851;;;;;;;;;;;;;;;;;;;;;
;;;USIM3;0,001451376;0,003608957;0,003330165;0,002933572;0,001291906;0,004026402;0,007518059;0,025805479;;;;;;;;;;;;;;;;;;;;
;;;EGIE3;0,001942375;0,003614263;0,003019186;0,001995526;0,001823014;0,002289654;0,002296045;0,001598642;0,003438527;;;;;;;;;;;;;;;;;;;
;;;MRFG3;0,005543872;0,002245586;0,006531601;0,00240329;0,003319837;0,00472414;0,001242594;0,000304016;0,001481568;0,019415477;;;;;;;;;;;;;;;;;;
;;;HYPE3;0,000908694;0,004317133;0,004376426;0,002474056;0,002124982;0,003066085;0,002856799;0,003291029;0,001975758;0,001247546;0,006826974;;;;;;;;;;;;;;;;;
;;;AZZA3;0,000598273;0,006122025;0,009284921;0,001952662;0,003537968;0,003940149;0,005757261;0,003598565;0,001677956;0,003773011;0,003884057;0,010133895;;;;;;;;;;;;;;;;
;;;ITUB3;0,001014134;0,007154897;0,004871682;0,002306975;0,001914593;0,002651844;0,004370413;0,002956107;0,002365616;0,001926842;0,003509415;0,00413127;0,006048098;;;;;;;;;;;;;;;
;;;BEEF3;0,003722403;0,002490764;0,006335064;0,001688517;0,004073118;0,003789222;0,003242358;-0,000368787;0,001674837;0,008408856;0,001592043;0,00336085;0,001266705;0,014668374;;;;;;;;;;;;;;
;;;PFRM3;0,001524394;0,004889384;0,007793468;0,002691866;0,002177588;0,003593553;0,004769572;0,00327158;0,002591961;0,003805793;0,00354066;0,004460031;0,004181107;0,002421571;0,019598886;;;;;;;;;;;;;
;;;IBOVESPA;0,001605301;0,006057656;0,00657394;0,002262003;0,002437351;0,002948222;0,005123763;0,003188216;0,00236191;0,002471636;0,002970593;0,004167478;0,004193347;0,002582924;0,004335809;0,004024447;;;;;;;;;;;;
;;;;;;;;;;;;;;;;;;;;;;;;;;;;;;;
;;;;;;;;;;;;;;;;;;;;;;;;;;;;;;;
;;;Correlação;JBSS3;BBAS3;PRIO3;TAEE11;SMTO3;TOTS3;GGBR3;USIM3;EGIE3;MRFG3;HYPE3;AZZA3;ITUB3;BEEF3;PFRM3;IBOVESPA;;;;;;;;;;;;
;;;JBSS3;1;;;;;;;;;;;;;;;;;;;;;;;;;;;
;;;BBAS3;0,125217958;1;;;;;;;;;;;;;;;;;;;;;;;;;;
;;;PRIO3;0,081704888;0,376538698;1;;;;;;;;;;;;;;;;;;;;;;;;;
;;;TAEE11;0,321018938;0,433311321;0,238562866;1;;;;;;;;;;;;;;;;;;;;;;;;
;;;SMTO3;0,226845776;0,280766757;0,227790503;0,264877075;1;;;;;;;;;;;;;;;;;;;;;;;
;;;TOTS3;0,220158899;0,241391937;0,175134564;0,330525264;0,362008958;1;;;;;;;;;;;;;;;;;;;;;;
;;;GGBR3;0,026221012;0,548283956;0,502283067;0,242387417;0,161294942;0,161036243;1;;;;;;;;;;;;;;;;;;;;;
;;;USIM3;0,086320247;0,191405208;0,099052687;0,268429976;0,078673309;0,265840706;0,367689198;1;;;;;;;;;;;;;;;;;;;;
;;;EGIE3;0,316472204;0,525123467;0,246014171;0,500220192;0,304127732;0,41413684;0,307627573;0,169710652;1;;;;;;;;;;;;;;;;;;;
;;;MRFG3;0,38012639;0,137304121;0,223976341;0,25352585;0,233074679;0,359591121;0,070062593;0,013582071;0,181326529;1;;;;;;;;;;;;;;;;;;
;;;HYPE3;0,105073281;0,445152886;0,253082411;0,440134664;0,251590092;0,393577559;0,27164185;0,247948564;0,407786991;0,10835981;1;;;;;;;;;;;;;;;;;
;;;AZZA3;0,056780598;0,518125373;0,440703516;0,285120835;0,343809645;0,415130599;0,449323129;0,222528268;0,284253637;0,268983629;0,466963838;1;;;;;;;;;;;;;;;;
;;;ITUB3;0,124587539;0,783830054;0,299313342;0,436037376;0,240834857;0,36165858;0,441513728;0,236621797;0,518738639;0,17781266;0,546149045;0,527698577;1;;;;;;;;;;;;;;;
;;;BEEF3;0,293644084;0,17521432;0,249928941;0,204929606;0,328994321;0,331832817;0,210329948;-0,018955222;0,235827912;0,498278241;0,15909248;0,27565759;0,134485426;1;;;;;;;;;;;;;;
;;;PFRM3;0,104032832;0,297554419;0,265993844;0,282636258;0,152164172;0,272250456;0,267666991;0,145474152;0,315737811;0,195099198;0,306093669;0,316471057;0,384030925;0,142820509;1;;;;;;;;;;;;;
;;;IBOVESPA;0,241764307;0,813541005;0,495141266;0,524119366;0,375852465;0,492909713;0,634551721;0,312851844;0,634927342;0,279612986;0,566729535;0,652577401;0,849959684;0,336176672;0,488203975;1;;;;;;;;;;;;
;;;;;;;;;;;;;;;;;;;;;;;;;;;;;;;
;;;;;;;;;;;;;;;;;;;;;;;;;;;;;;;
;;;Matriz Sigma;JBSS3;BBAS3;PRIO3;TAEE11;SMTO3;TOTS3;GGBR3;USIM3;EGIE3;MRFG3;HYPE3;AZZA3;ITUB3;BEEF3;PFRM3;;;;;;;;;;;;;
;;;JBSS3;0,010955252;0,001538331;0,001789793;0,002285871;0,00242711;0,002172637;0,000349325;0,001451376;0,001942375;0,005543872;0,000908694;0,000598273;0,001014134;0,003722403;0,001524394;;;;;;;;;;;;;
;;;BBAS3;0,001538331;0,013776665;0,009249647;0,003460046;0,003368724;0,002671373;0,008191181;0,003608957;0,003614263;0,002245586;0,004317133;0,006122025;0,007154897;0,002490764;0,004889384;;;;;;;;;;;;;
;;;PRIO3;0,001789793;0,009249647;0,043801295;0,003396692;0,00487334;0,003455851;0,013380148;0,003330165;0,003019186;0,006531601;0,004376426;0,009284921;0,004871682;0,006335064;0,007793468;;;;;;;;;;;;;
;;;TAEE11;0,002285871;0,003460046;0,003396692;0,00462828;0,001842052;0,00212009;0,002098886;0,002933572;0,001995526;0,00240329;0,002474056;0,001952662;0,002306975;0,001688517;0,002691866;;;;;;;;;;;;;
;;;SMTO3;0,00242711;0,003368724;0,00487334;0,001842052;0,010449494;0,003489046;0,002098637;0,001291906;0,001823014;0,003319837;0,002124982;0,003537968;0,001914593;0,004073118;0,002177588;;;;;;;;;;;;;
;;;TOTS3;0,002172637;0,002671373;0,003455851;0,00212009;0,003489046;0,008889543;0,001932557;0,004026402;0,002289654;0,00472414;0,003066085;0,003940149;0,002651844;0,003789222;0,003593553;;;;;;;;;;;;;
;;;GGBR3;0,000349325;0,008191181;0,013380148;0,002098886;0,002098637;0,001932557;0,016200851;0,007518059;0,002296045;0,001242594;0,002856799;0,005757261;0,004370413;0,003242358;0,004769572;;;;;;;;;;;;;
;;;USIM3;0,001451376;0,003608957;0,003330165;0,002933572;0,001291906;0,004026402;0,007518059;0,025805479;0,001598642;0,000304016;0,003291029;0,003598565;0,002956107;-0,000368787;0,00327158;;;;;;;;;;;;;
;;;EGIE3;0,001942375;0,003614263;0,003019186;0,001995526;0,001823014;0,002289654;0,002296045;0,001598642;0,003438527;0,001481568;0,001975758;0,001677956;0,002365616;0,001674837;0,002591961;;;;;;;;;;;;;
;;;MRFG3;0,005543872;0,002245586;0,006531601;0,00240329;0,003319837;0,00472414;0,001242594;0,000304016;0,001481568;0,019415477;0,001247546;0,003773011;0,001926842;0,008408856;0,003805793;;;;;;;;;;;;;
;;;HYPE3;0,000908694;0,004317133;0,004376426;0,002474056;0,002124982;0,003066085;0,002856799;0,003291029;0,001975758;0,001247546;0,006826974;0,003884057;0,003509415;0,001592043;0,00354066;;;;;;;;;;;;;
;;;AZZA3;0,000598273;0,006122025;0,009284921;0,001952662;0,003537968;0,003940149;0,005757261;0,003598565;0,001677956;0,003773011;0,003884057;0,010133895;0,00413127;0,00336085;0,004460031;;;;;;;;;;;;;
;;;ITUB3;0,001014134;0,007154897;0,004871682;0,002306975;0,001914593;0,002651844;0,004370413;0,002956107;0,002365616;0,001926842;0,003509415;0,00413127;0,006048098;0,001266705;0,004181107;;;;;;;;;;;;;
;;;BEEF3;0,003722403;0,002490764;0,006335064;0,001688517;0,004073118;0,003789222;0,003242358;-0,000368787;0,001674837;0,008408856;0,001592043;0,00336085;0,001266705;0,014668374;0,002421571;;;;;;;;;;;;;
;;;PFRM3;0,001524394;0,004889384;0,007793468;0,002691866;0,002177588;0,003593553;0,004769572;0,00327158;0,002591961;0,003805793;0,00354066;0,004460031;0,004181107;0,002421571;0,019598886;;;;;;;;;;;;;
;;;IBOVESPA;;;;;;;;;;;;;;;;;;;;;;;;;;;;
;;;;;;;;;;;;;;;;;;;;;;;;;;;;;;;
;;;;;;;;;;;;;;;;;;;;;;;;;;;;;;;
;;;Matriz Sigma Inversa;JBSS3;BBAS3;PRIO3;TAEE11;SMTO3;TOTS3;GGBR3;USIM3;EGIE3;MRFG3;HYPE3;AZZA3;ITUB3;BEEF3;PFRM3;IBOVESPA;;Matriz Um;Matriz PR;;;;;;;;;
;;;JBSS3;124,4788307;0,477539887;0,883461237;-32,87887971;-11,65013725;3,297945426;7,532106695;-6,080693373;-49,41732347;-26,32463559;6,005322279;15,27845893;5,296004877;-11,85126124;1,65525968;;;1;0,014;;;;;;;;;
;;;BBAS3;0,477539887;248,2719077;-3,741655669;-36,4786746;-17,23380868;36,6871852;-48,54673519;10,80601537;-71,41713937;5,392325518;9,11084146;-31,37289712;-222,8539288;-1,518314578;11,34368924;;;1;0,011;;;;;;;;;
;;;PRIO3;0,883461237;-3,741655669;35,46059084;-6,154940159;-3,810134005;4,172985992;-23,2505433;5,128626051;-2,987446452;-6,068175619;-3,851841419;-16,05340301;11,24364646;-1,300905276;-4,245849101;;;1;0,038;;;;;;;;;
;;;TAEE11;-32,87887971;-36,4786746;-6,154940159;360,4297977;-9,102875488;-0,517650612;13,48448885;-23,11244667;-94,19681197;-17,66865465;-61,82222781;16,06227131;-5,60871807;0,724040695;-9,207250206;;;1;0,006;;;;;;;;;
;;;SMTO3;-11,65013725;-17,23380868;-3,810134005;-9,102875488;127,7668977;-25,62129726;7,851078363;1,897798052;-17,42112631;3,195440356;-3,204172747;-23,07757494;18,93050642;-18,13713181;1,961738472;;;1;0,009;;;;;;;;;
;;;TOTS3;3,297945426;36,6871852;4,172985992;-0,517650612;-25,62129726;194,5498304;13,97262059;-20,37094583;-76,79985832;-22,35965271;-26,91251157;-38,24378821;-38,01441954;-18,10607256;-5,411628234;;;1;0,005;;;;;;;;;
;;;GGBR3;7,532106695;-48,54673519;-23,2505433;13,48448885;7,851078363;13,97262059;125,8518018;-29,23008169;-12,91117482;11,24170548;12,9768614;-19,27410359;0,166090574;-20,47481396;-6,202797581;;;1;0,009;;;;;;;;;
;;;USIM3;-6,080693373;10,80601537;5,128626051;-23,11244667;1,897798052;-20,37094583;-29,23008169;52,53584806;10,38186355;2,914891315;-7,928026346;-3,369415895;-4,181745408;11,72851104;0,483182425;;;1;0,003;;;;;;;;;
;;;EGIE3;-49,41732347;-71,41713937;-2,987446452;-94,19681197;-17,42112631;-76,79985832;-12,91117482;10,38186355;551,6211569;20,94312344;-24,64014077;50,27251325;-52,99621968;-11,68560455;-18,04587713;;;1;0,002;;;;;;;;;
;;;MRFG3;-26,32463559;5,392325518;-6,068175619;-17,66865465;3,195440356;-22,35965271;11,24170548;2,914891315;20,94312344;84,27222823;19,40385427;-14,27264756;-16,62963716;-34,28971062;-5,542744116;;;1;0,010;;;;;;;;;
;;;HYPE3;6,005322279;9,11084146;-3,851841419;-61,82222781;-3,204172747;-26,91251157;12,9768614;-7,928026346;-24,64014077;19,40385427;253,8011654;-43,67314433;-85,81844829;-6,878811734;-6,524841017;;;1;0,001;;;;;;;;;
;;;AZZA3;15,27845893;-31,37289712;-16,05340301;16,06227131;-23,07757494;-38,24378821;-19,27410359;-3,369415895;50,27251325;-14,27264756;-43,67314433;197,6822947;-37,96234695;-6,780414392;-6,391394867;;;1;0,001;;;;;;;;;
;;;ITUB3;5,296004877;-222,8539288;11,24364646;-5,60871807;18,93050642;-38,01441954;0,166090574;-4,181745408;-52,99621968;-16,62963716;-85,81844829;-37,96234695;550,0365334;27,65530958;-29,3701277;;;1;0,005;;;;;;;;;
;;;BEEF3;-11,85126124;-1,518314578;-1,300905276;0,724040695;-18,13713181;-18,10607256;-20,47481396;11,72851104;-11,68560455;-34,28971062;-6,878811734;-6,780414392;27,65530958;107,0344424;1,943379722;;;1;-0,002;;;;;;;;;
;;;PFRM3;1,65525968;11,34368924;-4,245849101;-9,207250206;1,961738472;-5,411628234;-6,202797581;0,483182425;-18,04587713;-5,542744116;-6,524841017;-6,391394867;-29,3701277;1,943379722;65,34234186;;;1;-0,005;;;;;;;;;
;;;IBOVESPA;;;;;;;;;;;;;;;;;;;;;;;;;;;;
;;;;;;;;;;;;;;;;;;;;;;;;;;;;;;;
;;;Matriz VM 15A;;;;Matriz T 15A;;;;F.E. Sem Restrições;;;;;;;;;;;;;;;;;;;;
;;;JBSS3;26,70199904;5,99%;;JBSS3;1,197414113;164,65%;Peso(w);Portfólio;JBSS3;BBAS3;PRIO3;TAEE11;SMTO3;TOTS3;GGBR3;USIM3;EGIE3;MRFG3;HYPE3;AZZA3;ITUB3;BEEF3;PFRM3;DPp;Rp;Ind Sharpe;;
;;;BBAS3;-111,0736497;-24,91%;;BBAS3;0,847970227;116,60%;;VM;5,99%;-24,91%;-3,27%;21,07%;7,25%;-4,41%;7,44%;0,36%;45,00%;0,94%;6,74%;8,71%;26,88%;4,05%;-1,84%;4,74%;0,91%;3,444%;;
;;;PRIO3;-14,57558343;-3,27%;;PRIO3;1,070410863;147,19%;;T;164,65%;116,60%;147,19%;86,46%;82,61%;117,78%;4,54%;-9,37%;-212,99%;42,86%;-59,83%;-179,37%;40,04%;-145,22%;-95,94%;40,13%;12,46%;29,187%;;
;;;TAEE11;93,95146858;21,07%;;TAEE11;0,628761934;86,46%;-1,6;Cart.3;-247,87%;-251,32%;-244,00%;-83,56%;-113,31%;-199,92%;12,08%;15,92%;457,78%;-66,12%;113,24%;309,63%;5,84%;242,89%;148,72%;63,94%;-17,57%;-28,649%;;
;;;SMTO3;32,34520089;7,25%;;SMTO3;0,600743353;82,61%;-1,3;Cart.4;-200,28%;-208,86%;-198,86%;-63,94%;-90,71%;-163,26%;11,21%;13,01%;380,39%;-53,54%;93,27%;253,20%;9,78%;198,10%;120,49%;52,03%;-14,10%;-28,550%;;
;;;TOTS3;-19,67725721;-4,41%;;TOTS3;0,856529427;117,78%;-1;Cart.5;-152,68%;-166,41%;-153,72%;-44,33%;-68,10%;-126,60%;10,34%;10,09%;302,99%;-40,97%;73,30%;196,78%;13,73%;153,32%;92,26%;40,13%;-10,64%;-28,375%;;
;;;GGBR3;33,18650361;7,44%;;GGBR3;0,033045446;4,54%;-0,8;Cart.6;-120,94%;-138,11%;-123,63%;-31,25%;-53,03%;-102,16%;9,76%;8,14%;251,39%;-32,59%;59,99%;159,17%;16,36%;123,47%;73,44%;32,23%;-8,33%;-28,163%;;
;;;USIM3;1,603380655;0,36%;;USIM3;-0,068134674;-9,37%;-0,6;Cart.7;-89,21%;-109,81%;-93,54%;-18,17%;-37,96%;-77,73%;9,18%;6,20%;199,79%;-24,20%;46,68%;121,55%;18,99%;93,61%;54,62%;24,38%;-6,02%;-27,762%;;
;;;EGIE3;200,6999343;45,00%;;EGIE3;-1,548925058;-212,99%;-0,4;Cart.8;-57,48%;-81,51%;-63,45%;-5,09%;-22,89%;-53,29%;8,60%;4,25%;148,20%;-15,82%;33,36%;83,94%;21,62%;63,76%;35,80%;16,63%;-3,71%;-26,803%;;
;;;MRFG3;4,207710576;0,94%;;MRFG3;0,311661512;42,86%;-0,2;Cart.9;-25,75%;-53,21%;-33,36%;7,99%;-7,82%;-28,85%;8,02%;2,31%;96,60%;-7,44%;20,05%;46,32%;24,25%;33,90%;16,98%;9,27%;-1,40%;-23,159%;;
;;;HYPE3;30,04387881;6,74%;;HYPE3;-0,435097045;-59,83%;0;Cart.10;5,99%;-24,91%;-3,27%;21,07%;7,25%;-4,41%;7,44%;0,36%;45,00%;0,94%;6,74%;8,71%;26,88%;4,05%;-1,84%;4,74%;0,91%;3,444%;;
;;;AZZA3;38,82440732;8,71%;;AZZA3;-1,304463763;-179,37%;0,2;Cart.11;37,72%;3,40%;26,82%;34,14%;22,32%;20,03%;6,86%;-1,59%;-6,60%;9,33%;-6,58%;-28,91%;29,51%;-25,80%;-20,66%;9,27%;3,22%;26,677%;;
;;;ITUB3;119,8924997;26,88%;;ITUB3;0,291172466;40,04%;0,4;Cart.12;69,45%;31,70%;56,91%;47,22%;37,39%;44,46%;6,28%;-3,53%;-58,19%;17,71%;-19,89%;-66,53%;32,14%;-55,66%;-39,48%;16,63%;5,53%;28,764%;;
;;;BEEF3;18,06264274;4,05%;;BEEF3;-1,056116361;-145,22%;0,6;Cart.13;101,19%;60,00%;87,01%;60,30%;52,46%;68,90%;5,70%;-5,48%;-109,79%;26,09%;-33,20%;-104,14%;34,78%;-85,51%;-58,30%;24,38%;7,84%;29,100%;;
;;;PFRM3;-8,212918554;-1,84%;;PFRM3;-0,6977285;-95,94%;0,8;Cart.14;132,92%;88,30%;117,10%;73,38%;67,53%;93,34%;5,12%;-7,42%;-161,39%;34,47%;-46,52%;-141,76%;37,41%;-115,37%;-77,12%;32,23%;10,15%;29,175%;;
;;;TOTAL;445,9802174;100,00%;;TOTAL;0,727243939;100,00%;1;Cart.15;164,65%;116,60%;147,19%;86,46%;82,61%;117,78%;4,54%;-9,37%;-212,99%;42,86%;-59,83%;-179,37%;40,04%;-145,22%;-95,94%;40,13%;12,46%;29,187%;;
;;;;;;;;;;1,3;Cart.16;212,25%;159,05%;192,32%;106,08%;105,21%;154,43%;3,67%;-12,29%;-290,38%;55,43%;-79,80%;-235,79%;43,98%;-190,00%;-124,17%;52,03%;15,93%;29,176%;;
;;;;;;;;;;1,6;Cart.17;259,85%;201,50%;237,46%;125,69%;127,82%;191,09%;2,81%;-15,21%;-367,78%;68,00%;-99,77%;-292,22%;47,93%;-234,78%;-152,40%;63,94%;19,39%;29,159%;;
;;;;;;;;;;1,9;Cart.18;307,45%;243,96%;282,60%;145,31%;150,42%;227,75%;1,94%;-18,12%;-445,17%;80,58%;-119,74%;-348,64%;51,88%;-279,57%;-180,63%;75,87%;22,86%;29,142%;;
;;;;;;;;;;2,2;Cart.19;355,05%;286,41%;327,73%;164,93%;173,03%;264,40%;1,07%;-21,04%;-522,57%;93,15%;-139,71%;-405,06%;55,82%;-324,35%;-208,86%;87,81%;26,32%;29,127%;;
;;;;;;;;;;2,5;Cart.20;402,65%;328,86%;372,87%;184,55%;195,63%;301,06%;0,20%;-23,96%;-599,97%;105,72%;-159,68%;-461,49%;59,77%;-369,13%;-237,09%;99,75%;29,79%;29,114%;;
;;;;;;;;;;2,8;Cart.21;450,25%;371,31%;418,01%;204,16%;218,24%;337,72%;-0,67%;-26,88%;-677,36%;118,30%;-179,64%;-517,91%;63,72%;-413,91%;-265,32%;111,69%;33,26%;29,103%;;
;;;;;;;;;;3;Cart.22;481,98%;399,61%;448,10%;217,24%;233,31%;362,16%;-1,25%;-28,83%;-728,96%;126,68%;-192,96%;-555,52%;66,35%;-443,77%;-284,14%;119,65%;35,57%;29,097%;;
;;;;;;;;;;;1/n;7%;7%;7%;7%;7%;7%;7%;7%;7%;7%;7%;7%;7%;7%;7%;6,37%;1,46%;11,214%;;
;;;;;;;;;;;;100%;0%;0%;0%;0%;0%;0%;0%;0%;0%;0%;0%;0%;0%;0%;10,47%;2,13%;13,233%;;
;;;;;;;;;;;;0%;100%;0%;0%;0%;0%;0%;0%;0%;0%;0%;0%;0%;0%;0%;11,74%;1,87%;9,556%;;
;;;;;;;;;;;;0%;0%;100%;0%;0%;0%;0%;0%;0%;0%;0%;0%;0%;0%;0%;20,93%;4,52%;18,034%;;
;;;;;;;;;;;;0%;0%;0%;100%;0%;0%;0%;0%;0%;0%;0%;0%;0%;0%;0%;6,80%;1,36%;8,899%;;
;;;;;;;;;;;;0%;0%;0%;0%;100%;0%;0%;0%;0%;0%;0%;0%;0%;0%;0%;10,22%;1,63%;8,601%;;
;;;;;;;;;;;;0%;0%;0%;0%;0%;100%;0%;0%;0%;0%;0%;0%;0%;0%;0%;9,43%;1,26%;5,424%;;
;;;;;;;;;;;;0%;0%;0%;0%;0%;0%;100%;0%;0%;0%;0%;0%;0%;0%;0%;12,73%;1,60%;6,712%;;
;;;;;;;;;;;;0%;0%;0%;0%;0%;0%;0%;100%;0%;0%;0%;0%;0%;0%;0%;16,06%;1,09%;2,106%;;
;;;;;;;;;;;;0%;0%;0%;0%;0%;0%;0%;0%;100%;0%;0%;0%;0%;0%;0%;5,86%;0,96%;3,580%;;
;;;;;;;;;;;;0%;0%;0%;0%;0%;0%;0%;0%;0%;100%;0%;0%;0%;0%;0%;13,93%;1,79%;7,480%;;
;;;;;;;;;;;;0%;0%;0%;0%;0%;0%;0%;0%;0%;0%;100%;0%;0%;0%;0%;8,26%;0,84%;1,118%;;
;;;;;;;;;;;;0%;0%;0%;0%;0%;0%;0%;0%;0%;0%;0%;100%;0%;0%;0%;10,07%;0,82%;0,724%;;
;;;;;;;;;;;;0%;0%;0%;0%;0%;0%;0%;0%;0%;0%;0%;0%;100%;0%;0%;7,78%;1,23%;6,220%;;
;;;;;;;;;;;;0%;0%;0%;0%;0%;0%;0%;0%;0%;0%;0%;0%;0%;100%;0%;12,11%;0,59%;-1,342%;;
;;;;;;;;;;;;0%;0%;0%;0%;0%;0%;0%;0%;0%;0%;0%;0%;0%;0%;100%;14,00%;0,26%;-3,482%;;
;;;;;;;;;;;;;;;;;;;;;;;;;;;;;;;
;;;;;;;;;;;;;;;;;;;;;;;;;;;;;;;
;;;;;;;;;;;;;;;;;;;;;;;;;;;;;;;
